epoch,base_train_mse,base_train_acc,base_test_acc,rot_train_mse,rot_train_acc,rot_test_acc
1,0.0996209932941633,0.2896666666666667,0.4742,0.08770499869411821,0.4434,0.5556
2,0.0823938325945363,0.5117166666666667,0.5474,0.07420072981102914,0.6044166666666667,0.6577
