epoch,train_mse,train_acc,test_acc
1,0.01149977586703218,0.93165,0.9552
2,0.0056443010627347506,0.9683,0.9664
3,0.004339713878136754,0.97725,0.9709
4,0.0036813951890847965,0.9816333333333334,0.9734
5,0.003262444934354379,0.98435,0.9738
