epoch,train_mse,train_acc,test_acc
1,0.06338387147262675,0.67415,0.807
2,0.03871426901154297,0.8274666666666667,0.8579
3,0.03019474558311495,0.8610833333333333,0.879
